{"cameraMode":{"drawMode":0,"name":"Shaded","section":"Shading Mode"},"sceneLighting":true,"audioPlay":false,"sceneViewState":{"m_AlwaysRefresh":false,"showFog":true,"showSkybox":true,"showFlares":true,"showImageEffects":true,"showParticleSystems":true,"showVisualEffectGraphs":true,"m_FxEnabled":true},"in2DMode":false,"pivot":{"x":-2.827272653579712,"y":2.8450584411621095,"z":-29.473995208740236},"rotation":{"x":-0.0006448687636293471,"y":0.994486927986145,"z":-0.10480725020170212,"w":-0.005965183489024639},"size":29.290803909301759,"orthographic":false}