{"cameraMode":{"drawMode":0,"name":"Shaded","section":"Shading Mode"},"sceneLighting":true,"audioPlay":false,"sceneViewState":{"m_AlwaysRefresh":false,"showFog":true,"showSkybox":true,"showFlares":true,"showImageEffects":true,"showParticleSystems":true,"showVisualEffectGraphs":true,"m_FxEnabled":true},"in2DMode":false,"pivot":{"x":25.843650817871095,"y":-3.236119270324707,"z":-33.13994598388672},"rotation":{"x":0.017707722261548044,"y":0.9699136018753052,"z":-0.07434746623039246,"w":0.2311962991952896},"size":26.975082397460939,"orthographic":false}